Date,Time,Dry_Bulb _C_22
10/2/2019,0:00:00,24.36464
10/2/2019,4:00:00,23.20633789
10/2/2019,8:00:00,21.790625
10/2/2019,12:00:00,20.54651367
10/2/2019,16:00:00,20.07460938
10/2/2019,20:00:00,19.77430664
10/3/2019,0:00:00,19.25950195
10/3/2019,4:00:00,18.87339844
10/3/2019,8:00:00,18.48729492
10/3/2019,12:00:00,18.35859375
10/3/2019,16:00:00,18.5730957
10/3/2019,20:00:00,18.83049805
10/4/2019,0:00:00,18.78759766
10/4/2019,4:00:00,18.44439453
10/4/2019,8:00:00,18.10119141
10/4/2019,12:00:00,17.88668945
10/4/2019,16:00:00,17.84378906
10/4/2019,20:00:00,17.6721875
10/5/2019,0:00:00,17.37188477
10/5/2019,4:00:00,16.89998047
10/5/2019,8:00:00,16.42807617
10/5/2019,12:00:00,16.299375
10/5/2019,16:00:00,16.64257813
10/5/2019,20:00:00,16.72837891
10/6/2019,0:00:00,16.85708008
10/6/2019,4:00:00,16.85708008
10/6/2019,8:00:00,16.7712793
10/6/2019,12:00:00,16.72837891
10/6/2019,16:00:00,16.89998047
10/6/2019,20:00:00,16.59967773
10/7/2019,0:00:00,14.32595703
10/7/2019,4:00:00,12.82444336
10/7/2019,8:00:00,24.32174805
10/7/2019,12:00:00,19.13080078
10/7/2019,16:00:00,15.91327148
10/7/2019,20:00:00,15.87037109
10/8/2019,0:00:00,15.91327148
10/8/2019,4:00:00,15.87037109
10/8/2019,8:00:00,15.78457031
10/8/2019,12:00:00,15.69876953
10/8/2019,16:00:00,15.52716797
10/8/2019,20:00:00,15.52716797
10/9/2019,0:00:00,15.52716797
10/9/2019,4:00:00,15.48426758
10/9/2019,8:00:00,15.48426758
10/9/2019,12:00:00,15.3984668
10/9/2019,16:00:00,15.48426758
10/9/2019,20:00:00,15.35556641
10/10/2019,0:00:00,15.31266602
10/10/2019,4:00:00,15.35556641
10/10/2019,8:00:00,15.31266602
10/10/2019,12:00:00,15.31266602
10/10/2019,16:00:00,15.52716797
10/10/2019,20:00:00,15.31266602
10/11/2019,0:00:00,15.31266602
10/11/2019,4:00:00,15.31266602
10/11/2019,8:00:00,15.31266602
10/11/2019,12:00:00,15.3984668
10/11/2019,16:00:00,15.48426758
10/11/2019,20:00:00,15.31266602
10/12/2019,0:00:00,15.22686523
10/12/2019,4:00:00,15.22686523
10/12/2019,8:00:00,15.18396484
10/12/2019,12:00:00,14.96946289
10/12/2019,16:00:00,14.84076172
10/12/2019,20:00:00,14.79786133
10/13/2019,0:00:00,14.79786133
10/13/2019,4:00:00,14.66916016
10/13/2019,8:00:00,14.58335938
10/13/2019,12:00:00,14.58335938
10/13/2019,16:00:00,14.54045898
10/13/2019,20:00:00,14.41175781
10/14/2019,0:00:00,14.41175781
10/14/2019,4:00:00,14.36885742
10/14/2019,8:00:00,14.24015625
10/14/2019,12:00:00,14.19725586
10/14/2019,16:00:00,13.98275391
10/14/2019,20:00:00,13.98275391
10/15/2019,0:00:00,13.98275391
10/15/2019,4:00:00,13.89695313
10/15/2019,8:00:00,13.76825195
10/15/2019,12:00:00,13.76825195
10/15/2019,16:00:00,13.68245117
10/15/2019,20:00:00,13.63955078
10/16/2019,0:00:00,13.59665039
10/16/2019,4:00:00,13.59665039
10/16/2019,8:00:00,13.55375
10/16/2019,12:00:00,13.42504883
10/16/2019,16:00:00,13.33924805
10/16/2019,20:00:00,13.33924805
10/17/2019,0:00:00,13.29634766
10/17/2019,4:00:00,13.16764648
10/17/2019,8:00:00,13.16764648
10/17/2019,12:00:00,13.16764648
10/17/2019,16:00:00,13.03894531
10/17/2019,20:00:00,12.95314453
10/18/2019,0:00:00,12.99604492
10/18/2019,4:00:00,12.95314453
10/18/2019,8:00:00,12.95314453
10/18/2019,12:00:00,12.86734375
10/18/2019,16:00:00,12.82444336
10/18/2019,20:00:00,12.82444336
10/19/2019,0:00:00,12.82444336
10/19/2019,4:00:00,12.78154297
10/19/2019,8:00:00,12.69574219
10/19/2019,12:00:00,12.6528418
10/19/2019,16:00:00,12.73864258
10/19/2019,20:00:00,12.60994141
10/20/2019,0:00:00,12.60994141
10/20/2019,4:00:00,12.69574219
10/20/2019,8:00:00,12.6528418
10/20/2019,12:00:00,12.6528418
10/20/2019,16:00:00,12.6528418
10/20/2019,20:00:00,12.60994141
10/21/2019,0:00:00,12.60994141
10/21/2019,4:00:00,12.69574219
10/21/2019,8:00:00,12.60994141
10/21/2019,12:00:00,12.60994141
10/21/2019,16:00:00,12.6528418
10/21/2019,20:00:00,12.69574219
10/22/2019,0:00:00,12.73864258
10/22/2019,4:00:00,12.6528418
10/22/2019,8:00:00,12.60994141
10/22/2019,12:00:00,12.60994141
10/22/2019,16:00:00,12.56704102
10/22/2019,20:00:00,12.52414063
10/23/2019,0:00:00,12.52414063
10/23/2019,4:00:00,12.43833984
10/23/2019,8:00:00,12.39543945
10/23/2019,12:00:00,12.35253906
10/23/2019,16:00:00,12.22383789
10/23/2019,20:00:00,12.26673828
10/24/2019,0:00:00,12.22383789
10/24/2019,4:00:00,12.22383789
10/24/2019,8:00:00,12.1809375
10/24/2019,12:00:00,12.09513672
10/24/2019,16:00:00,12.09513672
10/24/2019,20:00:00,12.05223633
10/25/2019,0:00:00,12.05223633
10/25/2019,4:00:00,11.96643555
10/25/2019,8:00:00,11.92353516
10/25/2019,12:00:00,11.88063477
10/25/2019,16:00:00,11.75193359
10/25/2019,20:00:00,11.79483398
10/26/2019,0:00:00,11.75193359
10/26/2019,4:00:00,11.62323242
10/26/2019,8:00:00,11.58033203
10/26/2019,12:00:00,11.49453125
10/26/2019,16:00:00,11.49453125
10/26/2019,20:00:00,11.49453125
10/27/2019,0:00:00,11.53743164
10/27/2019,4:00:00,11.45163086
10/27/2019,8:00:00,11.40873047
10/27/2019,12:00:00,11.45163086
10/27/2019,16:00:00,11.40873047
10/27/2019,20:00:00,11.40873047
10/28/2019,0:00:00,11.45163086
10/28/2019,4:00:00,11.2800293
10/28/2019,8:00:00,11.32292969
10/28/2019,12:00:00,11.23712891
10/28/2019,16:00:00,11.2800293
10/28/2019,20:00:00,11.2800293
10/29/2019,0:00:00,11.2800293
10/29/2019,4:00:00,11.2800293
10/29/2019,8:00:00,11.15132813
10/29/2019,12:00:00,11.10842773
10/29/2019,16:00:00,11.15132813
10/29/2019,20:00:00,11.06552734
10/30/2019,0:00:00,11.02262695
10/30/2019,4:00:00,11.02262695
10/30/2019,8:00:00,10.93682617
10/30/2019,12:00:00,10.89392578
10/30/2019,16:00:00,10.85102539
10/30/2019,20:00:00,10.85102539
10/31/2019,0:00:00,10.808125
10/31/2019,4:00:00,10.76522461
10/31/2019,8:00:00,10.67942383
10/31/2019,12:00:00,10.63652344
10/31/2019,16:00:00,10.59362305
10/31/2019,20:00:00,10.55072266
11/1/2019,0:00:00,10.55072266
11/1/2019,4:00:00,10.42202148
11/1/2019,8:00:00,10.42202148
11/1/2019,12:00:00,10.3362207
11/1/2019,16:00:00,10.29332031
11/1/2019,20:00:00,10.25041992
11/2/2019,0:00:00,10.25041992
11/2/2019,4:00:00,10.16461914
11/2/2019,8:00:00,10.12171875
11/2/2019,12:00:00,10.12171875
11/2/2019,16:00:00,10.16461914
11/2/2019,20:00:00,10.07881836
11/3/2019,0:00:00,10.07881836
11/3/2019,4:00:00,9.993017578
11/3/2019,8:00:00,9.950117188
11/3/2019,12:00:00,9.907216797
11/3/2019,16:00:00,9.821416016
11/3/2019,20:00:00,9.821416016
11/4/2019,0:00:00,9.821416016
11/4/2019,4:00:00,9.735615234
11/4/2019,8:00:00,9.735615234
11/4/2019,12:00:00,9.692714844
11/4/2019,16:00:00,9.778515625
11/4/2019,20:00:00,9.778515625
11/5/2019,0:00:00,9.778515625
11/5/2019,4:00:00,9.778515625
11/5/2019,8:00:00,9.692714844
11/5/2019,12:00:00,9.692714844
11/5/2019,16:00:00,9.564013672
11/5/2019,20:00:00,9.478212891
11/6/2019,0:00:00,9.478212891
11/6/2019,4:00:00,9.392412109
11/6/2019,8:00:00,9.306611328
11/6/2019,12:00:00,9.220810547
11/6/2019,16:00:00,9.177910156
11/6/2019,20:00:00,9.135009766
11/7/2019,0:00:00,9.092109375
11/7/2019,4:00:00,9.006308594
11/7/2019,8:00:00,8.920507813
11/7/2019,12:00:00,8.877607422
11/7/2019,16:00:00,8.834707031
11/7/2019,20:00:00,8.74890625
11/8/2019,0:00:00,8.706005859
11/8/2019,4:00:00,8.663105469
11/8/2019,8:00:00,8.534404297
11/8/2019,12:00:00,8.448603516
11/8/2019,16:00:00,8.448603516
11/8/2019,20:00:00,8.405703125
11/9/2019,0:00:00,8.319902344
11/9/2019,4:00:00,8.277001953
11/9/2019,8:00:00,8.234101563
11/9/2019,12:00:00,8.191201172
11/9/2019,16:00:00,8.191201172
11/9/2019,20:00:00,8.105400391
11/10/2019,0:00:00,8.105400391
11/10/2019,4:00:00,8.105400391
11/10/2019,8:00:00,8.0625
11/10/2019,12:00:00,8.105400391
11/10/2019,16:00:00,8.019599609
11/10/2019,20:00:00,7.933798828
11/11/2019,0:00:00,7.847998047
11/11/2019,4:00:00,7.805097656
11/11/2019,8:00:00,7.719296875
11/11/2019,12:00:00,7.676396484
11/11/2019,16:00:00,7.633496094
11/11/2019,20:00:00,7.633496094
11/12/2019,0:00:00,7.547695313
11/12/2019,4:00:00,7.461894531
11/12/2019,8:00:00,7.461894531
11/12/2019,12:00:00,7.37609375
11/12/2019,16:00:00,7.290292969
11/12/2019,20:00:00,7.290292969
11/13/2019,0:00:00,7.247392578
11/13/2019,4:00:00,7.161591797
11/13/2019,8:00:00,7.075791016
11/13/2019,12:00:00,7.118691406
11/13/2019,16:00:00,6.989990234
11/13/2019,20:00:00,6.989990234
11/14/2019,0:00:00,6.947089844
11/14/2019,4:00:00,6.861289063
11/14/2019,8:00:00,6.861289063
11/14/2019,12:00:00,6.818388672
11/14/2019,16:00:00,6.861289063
11/14/2019,20:00:00,6.861289063
11/15/2019,0:00:00,6.818388672
11/15/2019,4:00:00,6.818388672
11/15/2019,8:00:00,6.861289063
11/15/2019,12:00:00,6.861289063
11/15/2019,16:00:00,6.775488281
11/15/2019,20:00:00,6.775488281
11/16/2019,0:00:00,6.646787109
11/16/2019,4:00:00,6.646787109
11/16/2019,8:00:00,6.560986328
11/16/2019,12:00:00,6.560986328
11/16/2019,16:00:00,6.475185547
11/16/2019,20:00:00,6.475185547
11/17/2019,0:00:00,6.389384766
11/17/2019,4:00:00,6.346484375
11/17/2019,8:00:00,6.303583984
11/17/2019,12:00:00,6.260683594
11/17/2019,16:00:00,6.260683594
11/17/2019,20:00:00,6.260683594
11/18/2019,0:00:00,6.260683594
11/18/2019,4:00:00,6.174882813
11/18/2019,8:00:00,6.217783203
11/18/2019,12:00:00,6.260683594
11/18/2019,16:00:00,6.303583984
11/18/2019,20:00:00,6.303583984
11/19/2019,0:00:00,6.389384766
11/19/2019,4:00:00,6.260683594
11/19/2019,8:00:00,6.260683594
11/19/2019,12:00:00,6.303583984
11/19/2019,16:00:00,6.389384766
11/19/2019,20:00:00,6.303583984
11/20/2019,0:00:00,6.303583984
11/20/2019,4:00:00,6.346484375
11/20/2019,8:00:00,6.303583984
11/20/2019,12:00:00,6.389384766
11/20/2019,16:00:00,6.432285156
11/20/2019,20:00:00,6.389384766
11/21/2019,0:00:00,6.389384766
11/21/2019,4:00:00,6.475185547
11/21/2019,8:00:00,6.518085938
11/21/2019,12:00:00,6.6896875
11/21/2019,16:00:00,6.646787109
11/21/2019,20:00:00,6.646787109
11/22/2019,0:00:00,6.560986328
11/22/2019,4:00:00,6.518085938
11/22/2019,8:00:00,6.389384766
11/22/2019,12:00:00,6.389384766
11/22/2019,16:00:00,6.346484375
11/22/2019,20:00:00,6.303583984
11/23/2019,0:00:00,6.260683594
11/23/2019,4:00:00,6.260683594
11/23/2019,8:00:00,6.217783203
11/23/2019,12:00:00,6.131982422
11/23/2019,16:00:00,6.260683594
11/23/2019,20:00:00,6.131982422
11/24/2019,0:00:00,6.131982422
11/24/2019,4:00:00,6.046181641
11/24/2019,8:00:00,5.960380859
11/24/2019,12:00:00,6.089082031
11/24/2019,16:00:00,6.131982422
11/24/2019,20:00:00,6.046181641
11/25/2019,0:00:00,5.917480469
11/25/2019,4:00:00,5.917480469
11/25/2019,8:00:00,5.917480469
11/25/2019,12:00:00,6.046181641
11/25/2019,16:00:00,6.089082031
11/25/2019,20:00:00,6.089082031
11/26/2019,0:00:00,6.089082031
11/26/2019,4:00:00,6.00328125
11/26/2019,8:00:00,6.00328125
11/26/2019,12:00:00,6.00328125
11/26/2019,16:00:00,6.131982422
11/26/2019,20:00:00,6.089082031
11/27/2019,0:00:00,6.174882813
11/27/2019,4:00:00,6.217783203
11/27/2019,8:00:00,6.260683594
11/27/2019,12:00:00,6.389384766
11/27/2019,16:00:00,6.260683594
11/27/2019,20:00:00,6.217783203
11/28/2019,0:00:00,6.131982422
11/28/2019,4:00:00,6.131982422
11/28/2019,8:00:00,6.089082031
11/28/2019,12:00:00,6.046181641
11/28/2019,16:00:00,5.960380859
11/28/2019,20:00:00,6.00328125
11/29/2019,0:00:00,5.960380859
11/29/2019,4:00:00,5.917480469
11/29/2019,8:00:00,5.917480469
11/29/2019,12:00:00,5.917480469
11/29/2019,16:00:00,5.917480469
11/29/2019,20:00:00,5.917480469
11/30/2019,0:00:00,5.874580078
11/30/2019,4:00:00,5.874580078
11/30/2019,8:00:00,5.874580078
11/30/2019,12:00:00,5.960380859
11/30/2019,16:00:00,5.917480469
11/30/2019,20:00:00,5.960380859
12/1/2019,0:00:00,5.917480469
12/1/2019,4:00:00,5.874580078
12/1/2019,8:00:00,5.831679688
12/1/2019,12:00:00,5.831679688
12/1/2019,16:00:00,5.745878906
12/1/2019,20:00:00,5.702978516
12/2/2019,0:00:00,5.660078125
12/2/2019,4:00:00,5.574277344
12/2/2019,8:00:00,5.574277344
12/2/2019,12:00:00,5.531376953
12/2/2019,16:00:00,5.531376953
12/2/2019,20:00:00,5.445576172
12/3/2019,0:00:00,5.445576172
12/3/2019,4:00:00,5.445576172
12/3/2019,8:00:00,5.359775391
12/3/2019,12:00:00,5.359775391
12/3/2019,16:00:00,5.402675781
12/3/2019,20:00:00,5.359775391
12/4/2019,0:00:00,5.359775391
12/4/2019,4:00:00,5.359775391
12/4/2019,8:00:00,5.402675781
12/4/2019,12:00:00,5.359775391
12/4/2019,16:00:00,5.359775391
12/4/2019,20:00:00,5.359775391
12/5/2019,0:00:00,5.359775391
12/5/2019,4:00:00,5.273974609
12/5/2019,8:00:00,5.273974609
12/5/2019,12:00:00,5.231074219
12/5/2019,16:00:00,5.273974609
12/5/2019,20:00:00,5.231074219
12/6/2019,0:00:00,5.231074219
12/6/2019,4:00:00,5.231074219
12/6/2019,8:00:00,5.273974609
12/6/2019,12:00:00,5.059472656
12/6/2019,16:00:00,5.059472656
12/6/2019,20:00:00,5.188173828
12/7/2019,0:00:00,5.316875
12/7/2019,4:00:00,5.188173828
12/7/2019,8:00:00,5.102373047
12/7/2019,12:00:00,5.102373047
12/7/2019,16:00:00,5.145273437
12/7/2019,20:00:00,5.102373047
12/8/2019,0:00:00,5.016572266
12/8/2019,4:00:00,4.973671875
12/8/2019,8:00:00,5.059472656
12/8/2019,12:00:00,5.102373047
12/8/2019,16:00:00,5.102373047
12/8/2019,20:00:00,5.016572266
12/9/2019,0:00:00,5.059472656
12/9/2019,4:00:00,5.016572266
12/9/2019,8:00:00,5.102373047
12/9/2019,12:00:00,5.102373047
12/9/2019,16:00:00,5.102373047
12/9/2019,20:00:00,5.188173828
12/10/2019,0:00:00,5.102373047
12/10/2019,4:00:00,5.016572266
12/10/2019,8:00:00,4.930771484
12/10/2019,12:00:00,4.802070313
12/10/2019,16:00:00,4.759169922
12/10/2019,20:00:00,4.759169922
12/11/2019,0:00:00,4.759169922
12/11/2019,4:00:00,4.673369141
12/11/2019,8:00:00,4.587568359
12/11/2019,12:00:00,4.415966797
12/11/2019,16:00:00,4.501767578
12/11/2019,20:00:00,4.373066406
12/12/2019,0:00:00,4.287265625
12/12/2019,4:00:00,4.244365234
12/12/2019,8:00:00,4.158564453
12/12/2019,12:00:00,4.201464844
12/12/2019,16:00:00,4.158564453
12/12/2019,20:00:00,4.201464844
12/13/2019,0:00:00,4.158564453
12/13/2019,4:00:00,4.201464844
12/13/2019,8:00:00,4.158564453
12/13/2019,12:00:00,4.201464844
12/13/2019,16:00:00,4.201464844
12/13/2019,20:00:00,4.287265625
12/14/2019,0:00:00,4.201464844
12/14/2019,4:00:00,4.201464844
12/14/2019,8:00:00,4.244365234
12/14/2019,12:00:00,4.244365234
12/14/2019,16:00:00,4.287265625
12/14/2019,20:00:00,4.330166016
12/15/2019,0:00:00,4.244365234
12/15/2019,4:00:00,4.287265625
12/15/2019,8:00:00,4.158564453
12/15/2019,12:00:00,4.115664063
12/15/2019,16:00:00,4.115664063
12/15/2019,20:00:00,4.029863281
12/16/2019,0:00:00,4.029863281
12/16/2019,4:00:00,4.029863281
12/16/2019,8:00:00,3.986962891
12/16/2019,12:00:00,3.9440625
12/16/2019,16:00:00,3.9440625
12/16/2019,20:00:00,3.9440625
12/17/2019,0:00:00,3.986962891
12/17/2019,4:00:00,3.9440625
12/17/2019,8:00:00,3.901162109
12/17/2019,12:00:00,3.815361328
12/17/2019,16:00:00,3.986962891
12/17/2019,20:00:00,3.901162109
12/18/2019,0:00:00,3.858261719
12/18/2019,4:00:00,3.772460938
12/18/2019,8:00:00,3.643759766
12/18/2019,12:00:00,3.643759766
12/18/2019,16:00:00,3.643759766
12/18/2019,20:00:00,3.557958984
12/19/2019,0:00:00,3.515058594
12/19/2019,4:00:00,3.557958984
12/19/2019,8:00:00,3.472158203
12/19/2019,12:00:00,3.429257813
12/19/2019,16:00:00,3.429257813
12/19/2019,20:00:00,3.472158203
12/20/2019,0:00:00,3.429257813
12/20/2019,4:00:00,3.429257813
12/20/2019,8:00:00,3.472158203
12/20/2019,12:00:00,3.472158203
12/20/2019,16:00:00,3.515058594
12/20/2019,20:00:00,3.472158203
12/21/2019,0:00:00,3.429257813
12/21/2019,4:00:00,3.472158203
12/21/2019,8:00:00,3.429257813
12/21/2019,12:00:00,3.557958984
12/21/2019,16:00:00,3.643759766
12/21/2019,20:00:00,3.557958984
12/22/2019,0:00:00,3.515058594
12/22/2019,4:00:00,3.472158203
12/22/2019,8:00:00,3.515058594
12/22/2019,12:00:00,3.600859375
12/22/2019,16:00:00,3.729560547
12/22/2019,20:00:00,3.686660156
12/23/2019,0:00:00,3.643759766
12/23/2019,4:00:00,3.600859375
12/23/2019,8:00:00,3.557958984
12/23/2019,12:00:00,3.557958984
12/23/2019,16:00:00,3.772460938
12/23/2019,20:00:00,3.729560547
12/24/2019,0:00:00,3.686660156
12/24/2019,4:00:00,3.643759766
12/24/2019,8:00:00,3.729560547
12/24/2019,12:00:00,3.686660156
12/24/2019,16:00:00,3.772460938
12/24/2019,20:00:00,3.772460938
12/25/2019,0:00:00,3.729560547
12/25/2019,4:00:00,3.686660156
12/25/2019,8:00:00,3.643759766
12/25/2019,12:00:00,3.772460938
12/25/2019,16:00:00,3.858261719
12/25/2019,20:00:00,3.858261719
12/26/2019,0:00:00,3.858261719
12/26/2019,4:00:00,3.901162109
12/26/2019,8:00:00,3.9440625
12/26/2019,12:00:00,3.9440625
12/26/2019,16:00:00,4.544667969
12/26/2019,20:00:00,4.201464844
12/27/2019,0:00:00,4.115664063
12/27/2019,4:00:00,4.115664063
12/27/2019,8:00:00,4.072763672
12/27/2019,12:00:00,4.115664063
12/27/2019,16:00:00,4.158564453
12/27/2019,20:00:00,4.072763672
12/28/2019,0:00:00,4.072763672
12/28/2019,4:00:00,3.986962891
12/28/2019,8:00:00,3.986962891
12/28/2019,12:00:00,3.986962891
12/28/2019,16:00:00,4.072763672
12/28/2019,20:00:00,4.158564453
12/29/2019,0:00:00,4.072763672
12/29/2019,4:00:00,4.158564453
12/29/2019,8:00:00,4.158564453
12/29/2019,12:00:00,4.201464844
12/29/2019,16:00:00,4.244365234
12/29/2019,20:00:00,4.244365234
12/30/2019,0:00:00,4.287265625
12/30/2019,4:00:00,4.244365234
12/30/2019,8:00:00,4.244365234
12/30/2019,12:00:00,4.330166016
12/30/2019,16:00:00,4.244365234
12/30/2019,20:00:00,4.115664063
12/31/2019,0:00:00,4.158564453
12/31/2019,4:00:00,4.201464844
12/31/2019,8:00:00,4.244365234
12/31/2019,12:00:00,4.201464844
12/31/2019,16:00:00,4.158564453
12/31/2019,20:00:00,4.029863281
1/1/2020,0:00:00,4.072763672
1/1/2020,4:00:00,4.072763672
1/1/2020,8:00:00,3.986962891
1/1/2020,12:00:00,3.986962891
1/1/2020,16:00:00,3.9440625
1/1/2020,20:00:00,3.9440625
1/2/2020,0:00:00,3.986962891
1/2/2020,4:00:00,4.029863281
1/2/2020,8:00:00,4.072763672
1/2/2020,12:00:00,4.072763672
1/2/2020,16:00:00,4.201464844
1/2/2020,20:00:00,4.115664063
1/3/2020,0:00:00,4.158564453
1/3/2020,4:00:00,4.158564453
1/3/2020,8:00:00,4.201464844
1/3/2020,12:00:00,3.9440625
1/3/2020,16:00:00,3.986962891
1/3/2020,20:00:00,4.029863281
1/4/2020,0:00:00,3.986962891
1/4/2020,4:00:00,4.029863281
1/4/2020,8:00:00,3.9440625
1/4/2020,12:00:00,3.9440625
1/4/2020,16:00:00,3.986962891
1/4/2020,20:00:00,3.901162109
1/5/2020,0:00:00,3.986962891
1/5/2020,4:00:00,3.858261719
1/5/2020,8:00:00,3.901162109
1/5/2020,12:00:00,3.815361328
1/5/2020,16:00:00,3.815361328
1/5/2020,20:00:00,3.901162109
1/6/2020,0:00:00,3.901162109
1/6/2020,4:00:00,3.858261719
1/6/2020,8:00:00,3.858261719
1/6/2020,12:00:00,3.858261719
1/6/2020,16:00:00,3.729560547
1/6/2020,20:00:00,3.729560547
1/7/2020,0:00:00,3.815361328
1/7/2020,4:00:00,3.686660156
1/7/2020,8:00:00,3.686660156
1/7/2020,12:00:00,3.729560547
1/7/2020,16:00:00,3.772460938
1/7/2020,20:00:00,3.729560547
1/8/2020,0:00:00,3.515058594
1/8/2020,4:00:00,3.429257813
1/8/2020,8:00:00,3.300556641
1/8/2020,12:00:00,3.25765625
1/8/2020,16:00:00,3.25765625
1/8/2020,20:00:00,3.214755859
1/9/2020,0:00:00,3.214755859
1/9/2020,4:00:00,3.171855469
1/9/2020,8:00:00,3.171855469
1/9/2020,12:00:00,3.128955078
1/9/2020,16:00:00,3.128955078
1/9/2020,20:00:00,3.25765625
1/10/2020,0:00:00,3.429257813
1/10/2020,4:00:00,3.472158203
1/10/2020,8:00:00,3.472158203
1/10/2020,12:00:00,3.472158203
1/10/2020,16:00:00,3.472158203
1/10/2020,20:00:00,3.429257813
1/11/2020,0:00:00,3.515058594
1/11/2020,4:00:00,3.472158203
1/11/2020,8:00:00,3.300556641
1/11/2020,12:00:00,3.214755859
1/11/2020,16:00:00,3.214755859
1/11/2020,20:00:00,3.25765625
1/12/2020,0:00:00,3.214755859
1/12/2020,4:00:00,3.214755859
1/12/2020,8:00:00,3.214755859
1/12/2020,12:00:00,3.214755859
1/12/2020,16:00:00,3.171855469
1/12/2020,20:00:00,3.25765625
1/13/2020,0:00:00,3.214755859
1/13/2020,4:00:00,3.214755859
1/13/2020,8:00:00,3.171855469
1/13/2020,12:00:00,3.171855469
1/13/2020,16:00:00,3.171855469
1/13/2020,20:00:00,3.171855469
1/14/2020,0:00:00,3.214755859
1/14/2020,4:00:00,3.214755859
1/14/2020,8:00:00,3.171855469
1/14/2020,12:00:00,3.171855469
1/14/2020,16:00:00,3.214755859
1/14/2020,20:00:00,3.300556641
1/15/2020,0:00:00,3.25765625
1/15/2020,4:00:00,3.214755859
1/15/2020,8:00:00,3.214755859
1/15/2020,12:00:00,3.25765625
1/15/2020,16:00:00,3.25765625
1/15/2020,20:00:00,3.25765625
1/16/2020,0:00:00,3.25765625
1/16/2020,4:00:00,3.25765625
1/16/2020,8:00:00,3.25765625
1/16/2020,12:00:00,3.171855469
1/16/2020,16:00:00,3.086054688
1/16/2020,20:00:00,3.043154297
1/17/2020,0:00:00,2.957353516
1/17/2020,4:00:00,2.957353516
1/17/2020,8:00:00,3.000253906
1/17/2020,12:00:00,2.914453125
1/17/2020,16:00:00,2.914453125
1/17/2020,20:00:00,2.871552734
1/18/2020,0:00:00,2.871552734
1/18/2020,4:00:00,2.871552734
1/18/2020,8:00:00,2.828652344
1/18/2020,12:00:00,2.828652344
1/18/2020,16:00:00,2.914453125
1/18/2020,20:00:00,2.914453125
1/19/2020,0:00:00,2.957353516
1/19/2020,4:00:00,2.871552734
1/19/2020,8:00:00,2.871552734
1/19/2020,12:00:00,2.742851563
1/19/2020,16:00:00,2.657050781
1/19/2020,20:00:00,2.657050781
1/20/2020,0:00:00,2.614150391
1/20/2020,4:00:00,2.57125
1/20/2020,8:00:00,2.657050781
1/20/2020,12:00:00,2.614150391
1/20/2020,16:00:00,2.614150391
1/20/2020,20:00:00,2.614150391
1/21/2020,0:00:00,2.614150391
1/21/2020,4:00:00,2.57125
1/21/2020,8:00:00,2.528349609
1/21/2020,12:00:00,2.442548828
1/21/2020,16:00:00,2.57125
1/21/2020,20:00:00,2.528349609
1/22/2020,0:00:00,2.485449219
1/22/2020,4:00:00,2.442548828
1/22/2020,8:00:00,2.57125
1/22/2020,12:00:00,2.57125
1/22/2020,16:00:00,2.657050781
1/22/2020,20:00:00,2.614150391
1/23/2020,0:00:00,2.614150391
1/23/2020,4:00:00,2.57125
1/23/2020,8:00:00,2.657050781
1/23/2020,12:00:00,2.657050781
1/23/2020,16:00:00,2.699951172
1/23/2020,20:00:00,2.699951172
1/24/2020,0:00:00,2.785751953
1/24/2020,4:00:00,2.742851563
1/24/2020,8:00:00,2.828652344
1/24/2020,12:00:00,2.871552734
1/24/2020,16:00:00,2.871552734
1/24/2020,20:00:00,2.914453125
1/25/2020,0:00:00,2.871552734
1/25/2020,4:00:00,2.871552734
1/25/2020,8:00:00,2.828652344
1/25/2020,12:00:00,2.871552734
1/25/2020,16:00:00,2.914453125
1/25/2020,20:00:00,2.871552734
1/26/2020,0:00:00,2.957353516
1/26/2020,4:00:00,3.043154297
1/26/2020,8:00:00,3.000253906
1/26/2020,12:00:00,3.000253906
1/26/2020,16:00:00,3.043154297
1/26/2020,20:00:00,3.000253906
1/27/2020,0:00:00,3.000253906
1/27/2020,4:00:00,3.000253906
1/27/2020,8:00:00,3.043154297
1/27/2020,12:00:00,3.043154297
1/27/2020,16:00:00,3.000253906
1/27/2020,20:00:00,3.043154297
1/28/2020,0:00:00,3.043154297
1/28/2020,4:00:00,3.000253906
1/28/2020,8:00:00,2.957353516
1/28/2020,12:00:00,3.000253906
1/28/2020,16:00:00,2.957353516
1/28/2020,20:00:00,2.957353516
1/29/2020,0:00:00,2.914453125
1/29/2020,4:00:00,2.914453125
1/29/2020,8:00:00,2.914453125
1/29/2020,12:00:00,2.914453125
1/29/2020,16:00:00,2.914453125
1/29/2020,20:00:00,2.914453125
1/30/2020,0:00:00,2.914453125
1/30/2020,4:00:00,2.871552734
1/30/2020,8:00:00,2.914453125
1/30/2020,12:00:00,2.871552734
1/30/2020,16:00:00,2.914453125
1/30/2020,20:00:00,2.914453125
1/31/2020,0:00:00,2.871552734
1/31/2020,4:00:00,2.871552734
1/31/2020,8:00:00,2.871552734
1/31/2020,12:00:00,2.828652344
1/31/2020,16:00:00,2.914453125
1/31/2020,20:00:00,2.914453125
2/1/2020,0:00:00,2.914453125
2/1/2020,4:00:00,2.914453125
2/1/2020,8:00:00,2.957353516
2/1/2020,12:00:00,3.043154297
2/1/2020,16:00:00,3.000253906
2/1/2020,20:00:00,3.043154297
2/2/2020,0:00:00,3.000253906
2/2/2020,4:00:00,3.043154297
2/2/2020,8:00:00,3.086054688
2/2/2020,12:00:00,3.171855469
2/2/2020,16:00:00,3.171855469
2/2/2020,20:00:00,3.214755859
2/3/2020,0:00:00,3.171855469
2/3/2020,4:00:00,3.214755859
2/3/2020,8:00:00,3.171855469
2/3/2020,12:00:00,3.171855469
2/3/2020,16:00:00,3.128955078
2/3/2020,20:00:00,3.214755859
2/4/2020,0:00:00,3.214755859
2/4/2020,4:00:00,3.128955078
2/4/2020,8:00:00,3.128955078
2/4/2020,12:00:00,3.000253906
2/4/2020,16:00:00,3.043154297
2/4/2020,20:00:00,3.000253906
2/5/2020,0:00:00,2.957353516
2/5/2020,4:00:00,2.914453125
2/5/2020,8:00:00,2.828652344
2/5/2020,12:00:00,2.871552734
2/5/2020,16:00:00,2.828652344
2/5/2020,20:00:00,2.828652344
2/6/2020,0:00:00,2.785751953
2/6/2020,4:00:00,2.785751953
2/6/2020,8:00:00,2.785751953
2/6/2020,12:00:00,2.699951172
2/6/2020,16:00:00,2.742851563
2/6/2020,20:00:00,2.699951172
2/7/2020,0:00:00,2.742851563
2/7/2020,4:00:00,2.614150391
2/7/2020,8:00:00,2.614150391
2/7/2020,12:00:00,2.614150391
2/7/2020,16:00:00,2.528349609
2/7/2020,20:00:00,2.528349609
2/8/2020,0:00:00,2.485449219
2/8/2020,4:00:00,2.485449219
2/8/2020,8:00:00,2.442548828
2/8/2020,12:00:00,2.442548828
2/8/2020,16:00:00,2.399648438
2/8/2020,20:00:00,2.442548828
2/9/2020,0:00:00,2.442548828
2/9/2020,4:00:00,2.399648438
2/9/2020,8:00:00,2.399648438
2/9/2020,12:00:00,2.399648438
2/9/2020,16:00:00,2.399648438
2/9/2020,20:00:00,2.399648438
2/10/2020,0:00:00,2.442548828
2/10/2020,4:00:00,2.399648438
2/10/2020,8:00:00,2.313847656
2/10/2020,12:00:00,2.399648438
2/10/2020,16:00:00,2.399648438
2/10/2020,20:00:00,2.399648438
2/11/2020,0:00:00,2.399648438
2/11/2020,4:00:00,2.356748047
2/11/2020,8:00:00,2.356748047
2/11/2020,12:00:00,2.399648438
2/11/2020,16:00:00,2.442548828
2/11/2020,20:00:00,2.442548828
2/12/2020,0:00:00,2.442548828
2/12/2020,4:00:00,2.399648438
2/12/2020,8:00:00,2.399648438
2/12/2020,12:00:00,2.399648438
2/12/2020,16:00:00,2.485449219
2/12/2020,20:00:00,2.485449219
2/13/2020,0:00:00,2.442548828
2/13/2020,4:00:00,2.313847656
2/13/2020,8:00:00,2.228046875
2/13/2020,12:00:00,2.228046875
2/13/2020,16:00:00,2.142246094
2/13/2020,20:00:00,2.142246094
2/14/2020,0:00:00,2.142246094
2/14/2020,4:00:00,2.099345703
2/14/2020,8:00:00,2.099345703
2/14/2020,12:00:00,1.841943359
2/14/2020,16:00:00,1.927744141
2/14/2020,20:00:00,2.013544922
2/15/2020,0:00:00,2.056445313
2/15/2020,4:00:00,1.970644531
2/15/2020,8:00:00,2.013544922
2/15/2020,12:00:00,1.927744141
2/15/2020,16:00:00,1.927744141
2/15/2020,20:00:00,1.970644531
2/16/2020,0:00:00,1.970644531
2/16/2020,4:00:00,1.927744141
2/16/2020,8:00:00,1.927744141
2/16/2020,12:00:00,1.927744141
2/16/2020,16:00:00,1.927744141
2/16/2020,20:00:00,1.927744141
2/17/2020,0:00:00,1.88484375
2/17/2020,4:00:00,1.88484375
2/17/2020,8:00:00,1.927744141
2/17/2020,12:00:00,1.88484375
2/17/2020,16:00:00,1.970644531
2/17/2020,20:00:00,1.970644531
2/18/2020,0:00:00,1.970644531
2/18/2020,4:00:00,1.927744141
2/18/2020,8:00:00,2.013544922
2/18/2020,12:00:00,2.056445313
2/18/2020,16:00:00,2.013544922
2/18/2020,20:00:00,2.056445313
2/19/2020,0:00:00,1.927744141
2/19/2020,4:00:00,1.927744141
2/19/2020,8:00:00,1.88484375
2/19/2020,12:00:00,1.88484375
2/19/2020,16:00:00,1.88484375
2/19/2020,20:00:00,1.88484375
2/20/2020,0:00:00,1.88484375
2/20/2020,4:00:00,1.841943359
2/20/2020,8:00:00,1.88484375
2/20/2020,12:00:00,1.799042969
2/20/2020,16:00:00,1.713242188
2/20/2020,20:00:00,1.88484375
2/21/2020,0:00:00,1.88484375
2/21/2020,4:00:00,1.841943359
2/21/2020,8:00:00,1.841943359
2/21/2020,12:00:00,1.713242188
2/21/2020,16:00:00,1.799042969
2/21/2020,20:00:00,1.713242188
2/22/2020,0:00:00,1.799042969
2/22/2020,4:00:00,1.756142578
2/22/2020,8:00:00,1.799042969
2/22/2020,12:00:00,1.756142578
2/22/2020,16:00:00,1.927744141
2/22/2020,20:00:00,1.88484375
2/23/2020,0:00:00,1.88484375
2/23/2020,4:00:00,1.799042969
2/23/2020,8:00:00,1.88484375
2/23/2020,12:00:00,1.927744141
2/23/2020,16:00:00,2.056445313
2/23/2020,20:00:00,1.970644531
2/24/2020,0:00:00,1.970644531
2/24/2020,4:00:00,1.927744141
2/24/2020,8:00:00,1.970644531
2/24/2020,12:00:00,1.841943359
2/24/2020,16:00:00,2.056445313
2/24/2020,20:00:00,2.056445313
2/25/2020,0:00:00,2.056445313
2/25/2020,4:00:00,2.013544922
2/25/2020,8:00:00,1.970644531
2/25/2020,12:00:00,2.013544922
2/25/2020,16:00:00,2.056445313
2/25/2020,20:00:00,1.927744141
2/26/2020,0:00:00,1.88484375
2/26/2020,4:00:00,1.927744141
2/26/2020,8:00:00,1.88484375
2/26/2020,12:00:00,1.799042969
2/26/2020,16:00:00,1.799042969
2/26/2020,20:00:00,1.799042969
2/27/2020,0:00:00,1.713242188
2/27/2020,4:00:00,1.841943359
2/27/2020,8:00:00,1.799042969
2/27/2020,12:00:00,1.756142578
2/27/2020,16:00:00,1.756142578
2/27/2020,20:00:00,1.799042969
2/28/2020,0:00:00,1.713242188
2/28/2020,4:00:00,1.713242188
2/28/2020,8:00:00,1.713242188
2/28/2020,12:00:00,1.670341797
2/28/2020,16:00:00,1.713242188
2/28/2020,20:00:00,1.713242188
2/29/2020,0:00:00,1.670341797
2/29/2020,4:00:00,1.670341797
2/29/2020,8:00:00,1.713242188
2/29/2020,12:00:00,1.670341797
2/29/2020,16:00:00,1.670341797
2/29/2020,20:00:00,1.670341797
3/1/2020,0:00:00,1.670341797
3/1/2020,4:00:00,1.670341797
3/1/2020,8:00:00,1.627441406
3/1/2020,12:00:00,1.756142578
3/1/2020,16:00:00,2.056445313
3/1/2020,20:00:00,1.970644531
3/2/2020,0:00:00,1.756142578
3/2/2020,4:00:00,1.799042969
3/2/2020,8:00:00,1.799042969
3/2/2020,12:00:00,1.88484375
3/2/2020,16:00:00,1.927744141
3/2/2020,20:00:00,1.927744141
3/3/2020,0:00:00,1.841943359
3/3/2020,4:00:00,1.799042969
3/3/2020,8:00:00,1.841943359
3/3/2020,12:00:00,1.927744141
3/3/2020,16:00:00,2.013544922
3/3/2020,20:00:00,2.013544922
3/4/2020,0:00:00,1.970644531
3/4/2020,4:00:00,2.056445313
3/4/2020,8:00:00,2.099345703
3/4/2020,12:00:00,2.142246094
3/4/2020,16:00:00,2.056445313
3/4/2020,20:00:00,2.099345703
3/5/2020,0:00:00,2.013544922
3/5/2020,4:00:00,2.013544922
3/5/2020,8:00:00,2.056445313
3/5/2020,12:00:00,2.099345703
3/5/2020,16:00:00,2.313847656
3/5/2020,20:00:00,2.142246094
3/6/2020,0:00:00,2.099345703
3/6/2020,4:00:00,2.185146484
3/6/2020,8:00:00,2.185146484
3/6/2020,12:00:00,2.142246094
3/6/2020,16:00:00,2.142246094
3/6/2020,20:00:00,2.099345703
3/7/2020,0:00:00,2.056445313
3/7/2020,4:00:00,2.056445313
3/7/2020,8:00:00,2.013544922
3/7/2020,12:00:00,2.142246094
3/7/2020,16:00:00,2.228046875
3/7/2020,20:00:00,2.228046875
3/8/2020,0:00:00,2.099345703
3/8/2020,4:00:00,2.185146484
3/8/2020,8:00:00,2.142246094
3/8/2020,12:00:00,2.356748047
3/8/2020,16:00:00,3.171855469
3/8/2020,20:00:00,3.515058594
3/9/2020,0:00:00,3.643759766
3/9/2020,4:00:00,3.472158203
3/9/2020,8:00:00,3.386357422
3/9/2020,12:00:00,3.643759766
3/9/2020,16:00:00,3.815361328
3/9/2020,20:00:00,3.901162109
3/10/2020,0:00:00,3.429257813
3/10/2020,4:00:00,2.914453125
3/10/2020,8:00:00,2.828652344
3/10/2020,12:00:00,2.742851563
3/10/2020,16:00:00,2.785751953
3/10/2020,20:00:00,2.871552734
3/11/2020,0:00:00,2.914453125
3/11/2020,4:00:00,2.914453125
3/11/2020,8:00:00,2.871552734
3/11/2020,12:00:00,2.957353516
3/11/2020,16:00:00,3.000253906
3/11/2020,20:00:00,3.043154297
3/12/2020,0:00:00,3.086054688
3/12/2020,4:00:00,3.043154297
3/12/2020,8:00:00,3.086054688
3/12/2020,12:00:00,3.171855469
3/12/2020,16:00:00,3.343457031
3/12/2020,20:00:00,3.729560547
3/13/2020,0:00:00,3.429257813
3/13/2020,4:00:00,3.214755859
3/13/2020,8:00:00,3.171855469
3/13/2020,12:00:00,3.086054688
3/13/2020,16:00:00,3.128955078
3/13/2020,20:00:00,3.171855469
3/14/2020,0:00:00,3.128955078
3/14/2020,4:00:00,3.128955078
3/14/2020,8:00:00,3.171855469
3/14/2020,12:00:00,3.128955078
3/14/2020,16:00:00,3.128955078
3/14/2020,20:00:00,3.043154297
3/15/2020,0:00:00,3.128955078
3/15/2020,4:00:00,3.000253906
3/15/2020,8:00:00,3.000253906
3/15/2020,12:00:00,3.043154297
3/15/2020,16:00:00,3.000253906
3/15/2020,20:00:00,3.000253906
3/16/2020,0:00:00,3.000253906
3/16/2020,4:00:00,3.000253906
3/16/2020,8:00:00,2.957353516
3/16/2020,12:00:00,3.000253906
3/16/2020,16:00:00,3.086054688
3/16/2020,20:00:00,3.043154297
3/17/2020,0:00:00,3.043154297
3/17/2020,4:00:00,3.043154297
3/17/2020,8:00:00,3.086054688
3/17/2020,12:00:00,3.086054688
3/17/2020,16:00:00,3.086054688
3/17/2020,20:00:00,3.000253906
3/18/2020,0:00:00,3.000253906
3/18/2020,4:00:00,3.000253906
3/18/2020,8:00:00,3.043154297
3/18/2020,12:00:00,3.086054688
3/18/2020,16:00:00,3.043154297
3/18/2020,20:00:00,3.086054688
3/19/2020,0:00:00,3.128955078
3/19/2020,4:00:00,3.171855469
3/19/2020,8:00:00,3.086054688
3/19/2020,12:00:00,3.171855469
3/19/2020,16:00:00,3.686660156
3/19/2020,20:00:00,3.729560547
3/20/2020,0:00:00,3.858261719
3/20/2020,4:00:00,3.557958984
3/20/2020,8:00:00,3.386357422
3/20/2020,12:00:00,3.171855469
3/20/2020,16:00:00,3.171855469
3/20/2020,20:00:00,3.171855469
3/21/2020,0:00:00,3.171855469
3/21/2020,4:00:00,3.171855469
3/21/2020,8:00:00,3.214755859
3/21/2020,12:00:00,3.128955078
3/21/2020,16:00:00,3.128955078
3/21/2020,20:00:00,3.043154297
3/22/2020,0:00:00,3.086054688
3/22/2020,4:00:00,3.086054688
3/22/2020,8:00:00,3.086054688
3/22/2020,12:00:00,3.000253906
3/22/2020,16:00:00,3.043154297
3/22/2020,20:00:00,3.043154297
3/23/2020,0:00:00,3.043154297
3/23/2020,4:00:00,3.128955078
3/23/2020,8:00:00,3.086054688
3/23/2020,12:00:00,3.128955078
3/23/2020,16:00:00,3.171855469
3/23/2020,20:00:00,3.171855469
3/24/2020,0:00:00,3.171855469
3/24/2020,4:00:00,3.214755859
3/24/2020,8:00:00,3.171855469
3/24/2020,12:00:00,3.25765625
3/24/2020,16:00:00,3.515058594
3/24/2020,20:00:00,3.515058594
3/25/2020,0:00:00,3.515058594
3/25/2020,4:00:00,3.515058594
3/25/2020,8:00:00,3.472158203
3/25/2020,12:00:00,3.600859375
3/25/2020,16:00:00,4.330166016
3/25/2020,20:00:00,4.63046875
3/26/2020,0:00:00,4.158564453
3/26/2020,4:00:00,4.115664063
3/26/2020,8:00:00,4.029863281
3/26/2020,12:00:00,3.9440625
3/26/2020,16:00:00,3.9440625
3/26/2020,20:00:00,4.115664063
3/27/2020,0:00:00,4.029863281
3/27/2020,4:00:00,4.115664063
3/27/2020,8:00:00,4.115664063
3/27/2020,12:00:00,4.244365234
3/27/2020,16:00:00,5.359775391
3/27/2020,20:00:00,5.402675781
3/28/2020,0:00:00,4.887871094
3/28/2020,4:00:00,4.63046875
3/28/2020,8:00:00,4.673369141
3/28/2020,12:00:00,4.930771484
3/28/2020,16:00:00,5.188173828
3/28/2020,20:00:00,5.273974609
3/29/2020,0:00:00,5.188173828
3/29/2020,4:00:00,5.445576172
3/29/2020,8:00:00,5.617177734
3/29/2020,12:00:00,5.359775391
3/29/2020,16:00:00,4.973671875
3/29/2020,20:00:00,5.102373047
3/30/2020,0:00:00,4.973671875
3/30/2020,4:00:00,4.930771484
3/30/2020,8:00:00,4.930771484
3/30/2020,12:00:00,4.844970703
3/30/2020,16:00:00,4.802070313
3/30/2020,20:00:00,4.844970703
3/31/2020,0:00:00,4.887871094
3/31/2020,4:00:00,4.844970703
3/31/2020,8:00:00,4.844970703
3/31/2020,12:00:00,4.844970703
3/31/2020,16:00:00,4.930771484
3/31/2020,20:00:00,4.887871094
4/1/2020,0:00:00,4.887871094
4/1/2020,4:00:00,4.844970703
4/1/2020,8:00:00,4.802070313
4/1/2020,12:00:00,5.059472656
4/1/2020,16:00:00,5.359775391
4/1/2020,20:00:00,5.402675781
4/2/2020,0:00:00,4.973671875
4/2/2020,4:00:00,5.016572266
4/2/2020,8:00:00,4.973671875
4/2/2020,12:00:00,5.145273437
4/2/2020,16:00:00,5.960380859
4/2/2020,20:00:00,5.831679688
4/3/2020,0:00:00,5.016572266
4/3/2020,4:00:00,5.102373047
4/3/2020,8:00:00,5.231074219
4/3/2020,12:00:00,5.745878906
4/3/2020,16:00:00,6.861289063
4/3/2020,20:00:00,6.603886719
4/4/2020,0:00:00,5.488476563
4/4/2020,4:00:00,5.831679688
4/4/2020,8:00:00,5.788779297
4/4/2020,12:00:00,5.788779297
4/4/2020,16:00:00,5.745878906
4/4/2020,20:00:00,5.745878906
4/5/2020,0:00:00,5.745878906
4/5/2020,4:00:00,5.702978516
4/5/2020,8:00:00,5.617177734
4/5/2020,12:00:00,5.617177734
4/5/2020,16:00:00,6.389384766
4/5/2020,20:00:00,6.089082031
4/6/2020,0:00:00,5.531376953
4/6/2020,4:00:00,5.574277344
4/6/2020,8:00:00,5.702978516
4/6/2020,12:00:00,6.131982422
4/6/2020,16:00:00,6.432285156
4/6/2020,20:00:00,6.818388672
4/7/2020,0:00:00,6.260683594
4/7/2020,4:00:00,6.131982422
4/7/2020,8:00:00,6.217783203
4/7/2020,12:00:00,6.947089844
4/7/2020,16:00:00,8.234101563
4/7/2020,20:00:00,7.676396484
4/8/2020,0:00:00,7.333193359
4/8/2020,4:00:00,6.861289063
4/8/2020,8:00:00,6.560986328
4/8/2020,12:00:00,6.989990234
4/8/2020,16:00:00,7.633496094
4/8/2020,20:00:00,7.290292969
4/9/2020,0:00:00,6.775488281
4/9/2020,4:00:00,6.732587891
4/9/2020,8:00:00,6.732587891
4/9/2020,12:00:00,6.432285156
4/9/2020,16:00:00,6.432285156
4/9/2020,20:00:00,6.389384766
4/10/2020,0:00:00,6.303583984
4/10/2020,4:00:00,6.260683594
4/10/2020,8:00:00,6.260683594
4/10/2020,12:00:00,6.089082031
4/10/2020,16:00:00,6.089082031
4/10/2020,20:00:00,6.089082031
4/11/2020,0:00:00,6.046181641
4/11/2020,4:00:00,6.046181641
4/11/2020,8:00:00,6.046181641
4/11/2020,12:00:00,6.046181641
4/11/2020,16:00:00,6.518085938
4/11/2020,20:00:00,6.560986328
4/12/2020,0:00:00,6.131982422
4/12/2020,4:00:00,6.303583984
4/12/2020,8:00:00,6.389384766
4/12/2020,12:00:00,6.818388672
4/12/2020,16:00:00,7.290292969
4/12/2020,20:00:00,7.37609375
4/13/2020,0:00:00,7.204492188
4/13/2020,4:00:00,6.6896875
4/13/2020,8:00:00,6.303583984
4/13/2020,12:00:00,6.131982422
4/13/2020,16:00:00,6.046181641
4/13/2020,20:00:00,6.089082031
4/14/2020,0:00:00,6.174882813
4/14/2020,4:00:00,6.174882813
4/14/2020,8:00:00,6.174882813
4/14/2020,12:00:00,5.702978516
4/14/2020,16:00:00,5.702978516
4/14/2020,20:00:00,5.831679688
4/15/2020,0:00:00,5.917480469
4/15/2020,4:00:00,5.831679688
4/15/2020,8:00:00,5.874580078
4/15/2020,12:00:00,5.702978516
4/15/2020,16:00:00,5.531376953
4/15/2020,20:00:00,5.574277344
4/16/2020,0:00:00,5.574277344
4/16/2020,4:00:00,5.531376953
4/16/2020,8:00:00,5.574277344
4/16/2020,12:00:00,5.273974609
4/16/2020,16:00:00,5.145273437
4/16/2020,20:00:00,5.402675781
4/17/2020,0:00:00,5.402675781
4/17/2020,4:00:00,5.402675781
4/17/2020,8:00:00,5.445576172
4/17/2020,12:00:00,5.488476563
4/17/2020,16:00:00,5.445576172
4/17/2020,20:00:00,5.488476563
4/18/2020,0:00:00,5.359775391
4/18/2020,4:00:00,5.488476563
4/18/2020,8:00:00,5.574277344
4/18/2020,12:00:00,5.660078125
4/18/2020,16:00:00,6.046181641
4/18/2020,20:00:00,6.089082031
4/19/2020,0:00:00,6.046181641
4/19/2020,4:00:00,6.046181641
4/19/2020,8:00:00,5.917480469
4/19/2020,12:00:00,5.788779297
4/19/2020,16:00:00,5.874580078
4/19/2020,20:00:00,6.131982422
4/20/2020,0:00:00,5.960380859
4/20/2020,4:00:00,6.174882813
4/20/2020,8:00:00,6.260683594
4/20/2020,12:00:00,6.260683594
4/20/2020,16:00:00,6.560986328
4/20/2020,20:00:00,6.389384766
4/21/2020,0:00:00,6.303583984
4/21/2020,4:00:00,6.260683594
4/21/2020,8:00:00,6.131982422
4/21/2020,12:00:00,5.874580078
4/21/2020,16:00:00,5.788779297
4/21/2020,20:00:00,5.917480469
4/22/2020,0:00:00,6.046181641
4/22/2020,4:00:00,5.960380859
4/22/2020,8:00:00,5.960380859
4/22/2020,12:00:00,5.917480469
4/22/2020,16:00:00,6.046181641
4/22/2020,20:00:00,6.00328125
4/23/2020,0:00:00,5.960380859
4/23/2020,4:00:00,6.00328125
4/23/2020,8:00:00,6.00328125
4/23/2020,12:00:00,5.960380859
4/23/2020,16:00:00,6.00328125
4/23/2020,20:00:00,5.960380859
4/24/2020,0:00:00,6.00328125
4/24/2020,4:00:00,6.00328125
4/24/2020,8:00:00,6.046181641
4/24/2020,12:00:00,6.046181641
4/24/2020,16:00:00,6.775488281
4/24/2020,20:00:00,6.818388672
4/25/2020,0:00:00,6.174882813
4/25/2020,4:00:00,6.303583984
4/25/2020,8:00:00,6.346484375
4/25/2020,12:00:00,6.646787109
4/25/2020,16:00:00,7.290292969
4/25/2020,20:00:00,7.247392578
4/26/2020,0:00:00,6.646787109
4/26/2020,4:00:00,6.603886719
4/26/2020,8:00:00,6.732587891
4/26/2020,12:00:00,7.118691406
4/26/2020,16:00:00,8.191201172
4/26/2020,20:00:00,8.234101563
4/27/2020,0:00:00,6.904189453
4/27/2020,4:00:00,7.161591797
4/27/2020,8:00:00,7.247392578
4/27/2020,12:00:00,7.461894531
4/27/2020,16:00:00,7.590595703
4/27/2020,20:00:00,7.633496094
4/28/2020,0:00:00,7.633496094
4/28/2020,4:00:00,7.461894531
4/28/2020,8:00:00,7.461894531
4/28/2020,12:00:00,7.976699219
4/28/2020,16:00:00,9.392412109
4/28/2020,20:00:00,9.4353125
4/29/2020,0:00:00,8.706005859
4/29/2020,4:00:00,8.706005859
4/29/2020,8:00:00,8.620205078
4/29/2020,12:00:00,8.663105469
4/29/2020,16:00:00,8.448603516
4/29/2020,20:00:00,8.0625
4/30/2020,0:00:00,8.019599609
4/30/2020,4:00:00,7.976699219
4/30/2020,8:00:00,7.933798828
4/30/2020,12:00:00,7.847998047
4/30/2020,16:00:00,7.805097656
4/30/2020,20:00:00,7.933798828
5/1/2020,0:00:00,7.762197266
5/1/2020,4:00:00,7.676396484
5/1/2020,8:00:00,7.590595703
5/1/2020,12:00:00,8.0625
5/1/2020,16:00:00,8.491503906
5/1/2020,20:00:00,8.405703125
5/2/2020,0:00:00,7.805097656
5/2/2020,4:00:00,8.019599609
5/2/2020,8:00:00,8.319902344
5/2/2020,12:00:00,9.092109375
5/2/2020,16:00:00,9.478212891
5/2/2020,20:00:00,10.07881836
5/3/2020,0:00:00,8.834707031
5/3/2020,4:00:00,8.834707031
5/3/2020,8:00:00,8.620205078
5/3/2020,12:00:00,8.963408203
5/3/2020,16:00:00,9.392412109
5/3/2020,20:00:00,8.791806641
5/4/2020,0:00:00,8.577304688
5/4/2020,4:00:00,8.74890625
5/4/2020,8:00:00,8.74890625
5/4/2020,12:00:00,8.791806641
5/4/2020,16:00:00,9.092109375
5/4/2020,20:00:00,8.920507813
5/5/2020,0:00:00,8.963408203
5/5/2020,4:00:00,9.092109375
5/5/2020,8:00:00,9.092109375
5/5/2020,12:00:00,9.220810547
5/5/2020,16:00:00,9.735615234
5/5/2020,20:00:00,9.478212891
5/6/2020,0:00:00,9.177910156
5/6/2020,4:00:00,9.177910156
5/6/2020,8:00:00,9.263710938
5/6/2020,12:00:00,9.263710938
5/6/2020,16:00:00,9.649814453
5/6/2020,20:00:00,10.25041992
5/7/2020,0:00:00,9.306611328
5/7/2020,4:00:00,9.392412109
5/7/2020,8:00:00,9.4353125
5/7/2020,12:00:00,9.392412109
5/7/2020,16:00:00,9.392412109
5/7/2020,20:00:00,9.478212891
5/8/2020,0:00:00,9.4353125
5/8/2020,4:00:00,9.4353125
5/8/2020,8:00:00,9.392412109
5/8/2020,12:00:00,9.263710938
5/8/2020,16:00:00,9.049208984
5/8/2020,20:00:00,9.006308594
5/9/2020,0:00:00,9.049208984
5/9/2020,4:00:00,9.049208984
5/9/2020,8:00:00,8.963408203
5/9/2020,12:00:00,8.663105469
5/9/2020,16:00:00,8.963408203
5/9/2020,20:00:00,9.135009766
5/10/2020,0:00:00,9.006308594
5/10/2020,4:00:00,9.006308594
5/10/2020,8:00:00,8.963408203
5/10/2020,12:00:00,8.920507813
5/10/2020,16:00:00,8.834707031
5/10/2020,20:00:00,8.706005859
5/11/2020,0:00:00,8.663105469
5/11/2020,4:00:00,8.663105469
5/11/2020,8:00:00,8.577304688
5/11/2020,12:00:00,8.362802734
5/11/2020,16:00:00,8.362802734
5/11/2020,20:00:00,8.663105469
5/12/2020,0:00:00,8.448603516
5/12/2020,4:00:00,8.448603516
5/12/2020,8:00:00,8.491503906
5/12/2020,12:00:00,8.491503906
5/12/2020,16:00:00,8.491503906
5/12/2020,20:00:00,8.74890625
5/13/2020,0:00:00,8.534404297
5/13/2020,4:00:00,8.620205078
5/13/2020,8:00:00,8.706005859
5/13/2020,12:00:00,8.877607422
5/13/2020,16:00:00,9.950117188
5/13/2020,20:00:00,9.649814453
5/14/2020,0:00:00,9.392412109
5/14/2020,4:00:00,9.392412109
5/14/2020,8:00:00,9.220810547
5/14/2020,12:00:00,9.263710938
5/14/2020,16:00:00,9.778515625
5/14/2020,20:00:00,10.25041992
5/15/2020,0:00:00,10.12171875
5/15/2020,4:00:00,10.07881836
5/15/2020,8:00:00,10.07881836
5/15/2020,12:00:00,10.97972656
5/15/2020,16:00:00,11.15132813
5/15/2020,20:00:00,11.2800293
5/16/2020,0:00:00,10.3362207
5/16/2020,4:00:00,10.16461914
5/16/2020,8:00:00,10.12171875
5/16/2020,12:00:00,10.76522461
5/16/2020,16:00:00,11.88063477
5/16/2020,20:00:00,12.39543945
5/17/2020,0:00:00,11.53743164
5/17/2020,4:00:00,11.19422852
5/17/2020,8:00:00,11.2800293
5/17/2020,12:00:00,11.45163086
5/17/2020,16:00:00,11.49453125
5/17/2020,20:00:00,11.32292969
5/18/2020,0:00:00,11.2800293
5/18/2020,4:00:00,11.23712891
5/18/2020,8:00:00,11.36583008
5/18/2020,12:00:00,11.36583008
5/18/2020,16:00:00,11.58033203
5/18/2020,20:00:00,11.49453125
5/19/2020,0:00:00,11.53743164
5/19/2020,4:00:00,11.49453125
5/19/2020,8:00:00,11.36583008
5/19/2020,12:00:00,11.7090332
5/19/2020,16:00:00,12.26673828
5/19/2020,20:00:00,12.13803711
5/20/2020,0:00:00,11.83773438
5/20/2020,4:00:00,11.62323242
5/20/2020,8:00:00,11.49453125
5/20/2020,12:00:00,12.35253906
5/20/2020,16:00:00,13.51084961
5/20/2020,20:00:00,13.68245117
5/21/2020,0:00:00,12.52414063
5/21/2020,4:00:00,12.13803711
5/21/2020,8:00:00,12.13803711
5/21/2020,12:00:00,13.0818457
5/21/2020,16:00:00,14.54045898
5/21/2020,20:00:00,15.09816406
5/22/2020,0:00:00,14.11145508
5/22/2020,4:00:00,13.72535156
5/22/2020,8:00:00,13.55375
5/22/2020,12:00:00,14.28305664
5/22/2020,16:00:00,14.96946289
5/22/2020,20:00:00,14.41175781
5/23/2020,0:00:00,14.15435547
5/23/2020,4:00:00,13.81115234
5/23/2020,8:00:00,13.76825195
5/23/2020,12:00:00,15.01236328
5/23/2020,16:00:00,15.61296875
5/23/2020,20:00:00,15.65586914
5/24/2020,0:00:00,15.3984668
5/24/2020,4:00:00,15.22686523
5/24/2020,8:00:00,15.18396484
5/24/2020,12:00:00,15.65586914
5/24/2020,16:00:00,15.52716797
5/24/2020,20:00:00,16.34227539
5/25/2020,0:00:00,15.57006836
5/25/2020,4:00:00,15.44136719
5/25/2020,8:00:00,15.48426758
5/25/2020,12:00:00,17.02868164
5/25/2020,16:00:00,17.58638672
5/25/2020,20:00:00,18.10119141
5/26/2020,0:00:00,17.07158203
5/26/2020,4:00:00,16.68547852
5/26/2020,8:00:00,16.55677734
5/26/2020,12:00:00,18.18699219
5/26/2020,16:00:00,18.31569336
5/26/2020,20:00:00,18.91629883
5/27/2020,0:00:00,17.84378906
5/27/2020,4:00:00,17.88668945
5/27/2020,8:00:00,17.84378906
5/27/2020,12:00:00,18.5730957
5/27/2020,16:00:00,19.38820313
5/27/2020,20:00:00,19.30240234
5/28/2020,0:00:00,18.70179688
5/28/2020,4:00:00,18.48729492
5/28/2020,8:00:00,18.35859375
5/28/2020,12:00:00,19.08790039
5/28/2020,16:00:00,19.00209961
5/28/2020,20:00:00,17.97249023
5/29/2020,0:00:00,17.80088867
5/29/2020,4:00:00,17.71508789
5/29/2020,8:00:00,17.62928711
5/29/2020,12:00:00,17.41478516
5/29/2020,16:00:00,17.28608398
5/29/2020,20:00:00,17.2002832
5/30/2020,0:00:00,17.15738281
5/30/2020,4:00:00,17.02868164
5/30/2020,8:00:00,16.98578125
5/30/2020,12:00:00,16.89998047
5/30/2020,16:00:00,16.68547852
5/30/2020,20:00:00,16.68547852
5/31/2020,0:00:00,16.55677734
5/31/2020,4:00:00,16.55677734
5/31/2020,8:00:00,16.47097656
5/31/2020,12:00:00,16.51387695
5/31/2020,16:00:00,16.299375
5/31/2020,20:00:00,16.55677734
6/1/2020,0:00:00,16.21357422
6/1/2020,4:00:00,16.299375
6/1/2020,8:00:00,16.34227539
6/1/2020,12:00:00,16.72837891
6/1/2020,16:00:00,16.89998047
6/1/2020,20:00:00,16.55677734
6/2/2020,0:00:00,16.55677734
6/2/2020,4:00:00,16.51387695
6/2/2020,8:00:00,16.47097656
6/2/2020,12:00:00,17.80088867
6/2/2020,16:00:00,18.70179688
6/2/2020,20:00:00,19.5169043
6/3/2020,0:00:00,18.61599609
6/3/2020,4:00:00,17.41478516
6/3/2020,8:00:00,17.2002832
6/3/2020,12:00:00,17.45768555
6/3/2020,16:00:00,18.1440918
6/3/2020,20:00:00,18.70179688
6/4/2020,0:00:00,17.45768555
6/4/2020,4:00:00,17.28608398
6/4/2020,8:00:00,17.37188477
6/4/2020,12:00:00,18.18699219
6/4/2020,16:00:00,18.53019531
6/4/2020,20:00:00,18.5730957
6/5/2020,0:00:00,17.37188477
6/5/2020,4:00:00,17.45768555
6/5/2020,8:00:00,17.54348633
6/5/2020,12:00:00,18.05829102
6/5/2020,16:00:00,18.5730957
6/5/2020,20:00:00,18.31569336
6/6/2020,0:00:00,17.62928711
6/6/2020,4:00:00,17.58638672
6/6/2020,8:00:00,17.58638672
6/6/2020,12:00:00,17.62928711
6/6/2020,16:00:00,17.71508789
6/6/2020,20:00:00,17.88668945
6/7/2020,0:00:00,17.41478516
6/7/2020,4:00:00,17.50058594
6/7/2020,8:00:00,17.45768555
6/7/2020,12:00:00,17.62928711
6/7/2020,16:00:00,18.31569336
6/7/2020,20:00:00,18.35859375
6/8/2020,0:00:00,17.62928711
6/8/2020,4:00:00,17.6721875
6/8/2020,8:00:00,17.6721875
6/8/2020,12:00:00,18.44439453
6/8/2020,16:00:00,19.64560547
6/8/2020,20:00:00,20.20331055
6/9/2020,0:00:00,18.53019531
6/9/2020,4:00:00,18.27279297
6/9/2020,8:00:00,18.44439453
6/9/2020,12:00:00,19.47400391
6/9/2020,16:00:00,20.46071289
6/9/2020,20:00:00,20.20331055
6/10/2020,0:00:00,19.38820313
6/10/2020,4:00:00,19.43110352
6/10/2020,8:00:00,19.17370117
6/10/2020,12:00:00,19.77430664
6/10/2020,16:00:00,20.20331055
6/10/2020,20:00:00,19.77430664
6/11/2020,0:00:00,18.65889648
6/11/2020,4:00:00,18.74469727
6/11/2020,8:00:00,18.61599609
6/11/2020,12:00:00,18.22989258
6/11/2020,16:00:00,18.53019531
6/11/2020,20:00:00,18.44439453
6/12/2020,0:00:00,18.27279297
6/12/2020,4:00:00,18.18699219
6/12/2020,8:00:00,18.05829102
6/12/2020,12:00:00,18.01539063
6/12/2020,16:00:00,18.05829102
6/12/2020,20:00:00,17.97249023
6/13/2020,0:00:00,17.71508789
6/13/2020,4:00:00,17.75798828
6/13/2020,8:00:00,17.80088867
6/13/2020,12:00:00,17.92958984
6/13/2020,16:00:00,18.01539063
6/13/2020,20:00:00,18.18699219
6/14/2020,0:00:00,17.75798828
6/14/2020,4:00:00,17.62928711
6/14/2020,8:00:00,17.62928711
6/14/2020,12:00:00,17.75798828
6/14/2020,16:00:00,18.27279297
6/14/2020,20:00:00,18.70179688
6/15/2020,0:00:00,17.80088867
6/15/2020,4:00:00,17.75798828
6/15/2020,8:00:00,17.80088867
6/15/2020,12:00:00,17.97249023
6/15/2020,16:00:00,18.87339844
6/15/2020,20:00:00,19.17370117
6/16/2020,0:00:00,17.97249023
6/16/2020,4:00:00,18.01539063
6/16/2020,8:00:00,18.10119141
6/16/2020,12:00:00,18.65889648
6/16/2020,16:00:00,19.55980469
6/16/2020,20:00:00,19.43110352
6/17/2020,0:00:00,18.61599609
6/17/2020,4:00:00,18.44439453
6/17/2020,8:00:00,18.44439453
6/17/2020,12:00:00,19.34530273
6/17/2020,16:00:00,20.4178125
6/17/2020,20:00:00,19.90300781
6/18/2020,0:00:00,18.91629883
6/18/2020,4:00:00,18.91629883
6/18/2020,8:00:00,18.95919922
6/18/2020,12:00:00,19.64560547
6/18/2020,16:00:00,20.37491211
6/18/2020,20:00:00,20.58941406
6/19/2020,0:00:00,19.43110352
6/19/2020,4:00:00,19.25950195
6/19/2020,8:00:00,19.38820313
6/19/2020,12:00:00,20.28911133
6/19/2020,16:00:00,20.8897168
6/19/2020,20:00:00,21.27582031
6/20/2020,0:00:00,20.07460938
6/20/2020,4:00:00,19.90300781
6/20/2020,8:00:00,19.9459082
6/20/2020,12:00:00,21.27582031
6/20/2020,16:00:00,21.53322266
6/20/2020,20:00:00,20.8897168
6/21/2020,0:00:00,20.67521484
6/21/2020,4:00:00,20.4178125
6/21/2020,8:00:00,20.37491211
6/21/2020,12:00:00,20.20331055
6/21/2020,16:00:00,20.37491211
6/21/2020,20:00:00,20.76101563
6/22/2020,0:00:00,20.16041016
6/22/2020,4:00:00,20.07460938
6/22/2020,8:00:00,20.11750977
6/22/2020,12:00:00,20.76101563
6/22/2020,16:00:00,20.58941406
6/22/2020,20:00:00,20.54651367
6/23/2020,0:00:00,20.37491211
6/23/2020,4:00:00,20.24621094
6/23/2020,8:00:00,20.20331055
6/23/2020,12:00:00,19.81720703
6/23/2020,16:00:00,19.68850586
6/23/2020,20:00:00,19.60270508
6/24/2020,0:00:00,19.60270508
6/24/2020,4:00:00,19.5169043
6/24/2020,8:00:00,19.47400391
6/24/2020,12:00:00,19.38820313
6/24/2020,16:00:00,19.55980469
6/24/2020,20:00:00,19.60270508
6/25/2020,0:00:00,19.38820313
6/25/2020,4:00:00,19.30240234
6/25/2020,8:00:00,19.25950195
6/25/2020,12:00:00,19.30240234
6/25/2020,16:00:00,19.55980469
6/25/2020,20:00:00,19.77430664
6/26/2020,0:00:00,19.21660156
6/26/2020,4:00:00,19.17370117
6/26/2020,8:00:00,19.21660156
6/26/2020,12:00:00,19.86010742
6/26/2020,16:00:00,20.33201172
6/26/2020,20:00:00,20.03170898
6/27/2020,0:00:00,19.73140625
6/27/2020,4:00:00,19.60270508
6/27/2020,8:00:00,19.64560547
6/27/2020,12:00:00,19.90300781
6/27/2020,16:00:00,20.03170898
6/27/2020,20:00:00,20.50361328
6/28/2020,0:00:00,19.55980469
6/28/2020,4:00:00,19.55980469
6/28/2020,8:00:00,19.55980469
6/28/2020,12:00:00,20.07460938
6/28/2020,16:00:00,20.71811523
6/28/2020,20:00:00,20.93261719
6/29/2020,0:00:00,19.90300781
6/29/2020,4:00:00,19.81720703
6/29/2020,8:00:00,19.98880859
6/29/2020,12:00:00,20.84681641
6/29/2020,16:00:00,21.61902344
6/29/2020,20:00:00,22.04802734
6/30/2020,0:00:00,21.10421875
6/30/2020,4:00:00,20.67521484
6/30/2020,8:00:00,20.71811523
6/30/2020,12:00:00,21.44742188
6/30/2020,16:00:00,22.39123047
6/30/2020,20:00:00,22.43413086
7/1/2020,0:00:00,21.36162109
7/1/2020,4:00:00,20.97551758
7/1/2020,8:00:00,20.97551758
7/1/2020,12:00:00,21.790625
7/1/2020,16:00:00,22.30542969
7/1/2020,20:00:00,22.51993164
7/2/2020,0:00:00,21.3187207
7/2/2020,4:00:00,21.23291992
7/2/2020,8:00:00,21.23291992
7/2/2020,12:00:00,21.91932617
7/2/2020,16:00:00,22.2625293
7/2/2020,20:00:00,22.6915332
7/3/2020,0:00:00,21.61902344
7/3/2020,4:00:00,21.49032227
7/3/2020,8:00:00,21.57612305
7/3/2020,12:00:00,22.2625293
7/3/2020,16:00:00,22.90603516
7/3/2020,20:00:00,23.29213867
7/4/2020,0:00:00,21.91932617
7/4/2020,4:00:00,21.70482422
7/4/2020,8:00:00,21.87642578
7/4/2020,12:00:00,22.73443359
7/4/2020,16:00:00,23.29213867
7/4/2020,20:00:00,23.46374023
7/5/2020,0:00:00,22.34833008
7/5/2020,4:00:00,22.00512695
7/5/2020,8:00:00,22.17672852
7/5/2020,12:00:00,22.94893555
7/5/2020,16:00:00,23.24923828
7/5/2020,20:00:00,23.54954102
7/6/2020,0:00:00,22.47703125
7/6/2020,4:00:00,22.30542969
7/6/2020,8:00:00,22.39123047
7/6/2020,12:00:00,23.29213867
7/6/2020,16:00:00,22.77733398
7/6/2020,20:00:00,23.6353418
7/7/2020,0:00:00,22.77733398
7/7/2020,4:00:00,22.43413086
7/7/2020,8:00:00,22.56283203
7/7/2020,12:00:00,22.94893555
7/7/2020,16:00:00,23.59244141
7/7/2020,20:00:00,23.6353418
7/8/2020,0:00:00,22.86313477
7/8/2020,4:00:00,22.73443359
7/8/2020,8:00:00,22.86313477
7/8/2020,12:00:00,23.42083984
7/8/2020,16:00:00,23.89274414
7/8/2020,20:00:00,24.0643457
7/9/2020,0:00:00,23.07763672
7/9/2020,4:00:00,22.86313477
7/9/2020,8:00:00,23.1634375
7/9/2020,12:00:00,24.02144531
7/9/2020,16:00:00,23.80694336
7/9/2020,20:00:00,24.32174805
7/10/2020,0:00:00,23.54954102
7/10/2020,4:00:00,23.42083984
7/10/2020,8:00:00,23.29213867
7/10/2020,12:00:00,23.37793945
7/10/2020,16:00:00,23.33503906
7/10/2020,20:00:00,23.37793945
7/11/2020,0:00:00,23.03473633
7/11/2020,4:00:00,22.90603516
7/11/2020,8:00:00,22.99183594
7/11/2020,12:00:00,23.1634375
7/11/2020,16:00:00,23.20633789
7/11/2020,20:00:00,23.46374023
7/12/2020,0:00:00,23.03473633
7/12/2020,4:00:00,22.86313477
7/12/2020,8:00:00,22.90603516
7/12/2020,12:00:00,22.86313477
7/12/2020,16:00:00,22.90603516
7/12/2020,20:00:00,22.99183594
7/13/2020,0:00:00,22.73443359
7/13/2020,4:00:00,22.56283203
7/13/2020,8:00:00,22.73443359
7/13/2020,12:00:00,22.77733398
7/13/2020,16:00:00,22.94893555
7/13/2020,20:00:00,23.24923828
7/14/2020,0:00:00,22.6915332
7/14/2020,4:00:00,22.56283203
7/14/2020,8:00:00,22.6915332
7/14/2020,12:00:00,22.90603516
7/14/2020,16:00:00,23.20633789
7/14/2020,20:00:00,23.37793945
7/15/2020,0:00:00,22.73443359
7/15/2020,4:00:00,22.51993164
7/15/2020,8:00:00,22.6915332
7/15/2020,12:00:00,22.99183594
7/15/2020,16:00:00,23.12053711
7/15/2020,20:00:00,22.82023438
7/16/2020,0:00:00,22.73443359
7/16/2020,4:00:00,22.64863281
7/16/2020,8:00:00,22.56283203
7/16/2020,12:00:00,22.60573242
7/16/2020,16:00:00,23.03473633
7/16/2020,20:00:00,22.94893555
7/17/2020,0:00:00,22.39123047
7/17/2020,4:00:00,22.17672852
7/17/2020,8:00:00,22.34833008
7/17/2020,12:00:00,22.73443359
7/17/2020,16:00:00,23.1634375
7/17/2020,20:00:00,23.33503906
7/18/2020,0:00:00,22.43413086
7/18/2020,4:00:00,22.2625293
7/18/2020,8:00:00,22.56283203
7/18/2020,12:00:00,23.42083984
7/18/2020,16:00:00,23.89274414
7/18/2020,20:00:00,23.93564453
7/19/2020,0:00:00,23.67824219
7/19/2020,4:00:00,23.84984375
7/19/2020,8:00:00,23.20633789
7/19/2020,12:00:00,23.24923828
7/19/2020,16:00:00,23.24923828
7/19/2020,20:00:00,23.33503906
7/20/2020,0:00:00,22.90603516
7/20/2020,4:00:00,22.56283203
7/20/2020,8:00:00,22.77733398
7/20/2020,12:00:00,22.82023438
7/20/2020,16:00:00,22.86313477
7/20/2020,20:00:00,22.77733398
7/21/2020,0:00:00,22.51993164
7/21/2020,4:00:00,22.39123047
7/21/2020,8:00:00,22.56283203
7/21/2020,12:00:00,22.6915332
7/21/2020,16:00:00,22.94893555
7/21/2020,20:00:00,22.82023438
7/22/2020,0:00:00,22.6915332
7/22/2020,4:00:00,22.34833008
7/22/2020,8:00:00,22.47703125
7/22/2020,12:00:00,22.73443359
7/22/2020,16:00:00,22.82023438
7/22/2020,20:00:00,22.90603516
7/23/2020,0:00:00,22.47703125
7/23/2020,4:00:00,22.30542969
7/23/2020,8:00:00,22.39123047
7/23/2020,12:00:00,22.73443359
7/23/2020,16:00:00,23.07763672
7/23/2020,20:00:00,23.1634375
7/24/2020,0:00:00,22.64863281
7/24/2020,4:00:00,22.34833008
7/24/2020,8:00:00,22.51993164
7/24/2020,12:00:00,22.73443359
7/24/2020,16:00:00,23.50664063
7/24/2020,20:00:00,23.37793945
7/25/2020,0:00:00,22.51993164
7/25/2020,4:00:00,22.43413086
7/25/2020,8:00:00,22.56283203
7/25/2020,12:00:00,23.07763672
7/25/2020,16:00:00,23.72114258
7/25/2020,20:00:00,23.97854492
7/26/2020,0:00:00,22.94893555
7/26/2020,4:00:00,22.64863281
7/26/2020,8:00:00,22.99183594
7/26/2020,12:00:00,23.80694336
7/26/2020,16:00:00,24.45044922
7/26/2020,20:00:00,23.80694336
7/27/2020,0:00:00,23.46374023
7/27/2020,4:00:00,23.33503906
7/27/2020,8:00:00,23.46374023
7/27/2020,12:00:00,23.29213867
7/27/2020,16:00:00,23.33503906
7/27/2020,20:00:00,23.59244141
7/28/2020,0:00:00,23.03473633
7/28/2020,4:00:00,22.77733398
7/28/2020,8:00:00,23.07763672
7/28/2020,12:00:00,23.20633789
7/28/2020,16:00:00,23.33503906
7/28/2020,20:00:00,
7/29/2020,0:00:00,
7/29/2020,4:00:00,
7/29/2020,8:00:00,
7/29/2020,12:00:00,
7/29/2020,16:00:00,
7/29/2020,20:00:00,
7/30/2020,0:00:00,
7/30/2020,4:00:00,
7/30/2020,8:00:00,
7/30/2020,12:00:00,
7/30/2020,16:00:00,
7/30/2020,20:00:00,
7/31/2020,0:00:00,
7/31/2020,4:00:00,
7/31/2020,8:00:00,
7/31/2020,12:00:00,
7/31/2020,16:00:00,
7/31/2020,20:00:00,
8/1/2020,0:00:00,
8/1/2020,4:00:00,
8/1/2020,8:00:00,
8/1/2020,12:00:00,
8/1/2020,16:00:00,
8/1/2020,20:00:00,
8/2/2020,0:00:00,
8/2/2020,4:00:00,
8/2/2020,8:00:00,
8/2/2020,12:00:00,
8/2/2020,16:00:00,
8/2/2020,20:00:00,
8/3/2020,0:00:00,
8/3/2020,4:00:00,
8/3/2020,8:00:00,
8/3/2020,12:00:00,
8/3/2020,16:00:00,
8/3/2020,20:00:00,
8/4/2020,0:00:00,
8/4/2020,4:00:00,
8/4/2020,8:00:00,
8/4/2020,12:00:00,
8/4/2020,16:00:00,
8/4/2020,20:00:00,
8/5/2020,0:00:00,
8/5/2020,4:00:00,
8/5/2020,8:00:00,
8/5/2020,12:00:00,
8/5/2020,16:00:00,
8/5/2020,20:00:00,
8/6/2020,0:00:00,
8/6/2020,4:00:00,
8/6/2020,8:00:00,
8/6/2020,12:00:00,
8/6/2020,16:00:00,
8/6/2020,20:00:00,
8/7/2020,0:00:00,
8/7/2020,4:00:00,
8/7/2020,8:00:00,
8/7/2020,12:00:00,
8/7/2020,16:00:00,
8/7/2020,20:00:00,
8/8/2020,0:00:00,
8/8/2020,4:00:00,
8/8/2020,8:00:00,
8/8/2020,12:00:00,
8/8/2020,16:00:00,
8/8/2020,20:00:00,
8/9/2020,0:00:00,
8/9/2020,4:00:00,
8/9/2020,8:00:00,
8/9/2020,12:00:00,
8/9/2020,16:00:00,
8/9/2020,20:00:00,
8/10/2020,0:00:00,
8/10/2020,4:00:00,
8/10/2020,8:00:00,
8/10/2020,12:00:00,
8/10/2020,16:00:00,
8/10/2020,20:00:00,
8/11/2020,0:00:00,
8/11/2020,4:00:00,
8/11/2020,8:00:00,
